{"posicion":{"x":-10.560688018798829,"y":-7.220434665679932,"z":0.0},"vida":0}